Datetime,Water Level (m)
2025-04-23 12:00:00,0.00022518919
2025-04-23 13:00:00,0.00021991052
2025-04-23 14:00:00,0.00021065063
2025-04-23 15:00:00,0.00015702042
2025-04-23 16:00:00,0.00019210979
2025-04-23 17:00:00,0.0002550098
2025-04-23 18:00:00,0.00023125217
2025-04-23 19:00:00,0.00017870333
2025-04-23 20:00:00,0.0002034564
2025-04-23 21:00:00,0.00016440495
2025-04-23 22:00:00,0.00020108672
2025-04-23 23:00:00,0.00021155257
2025-04-24 00:00:00,0.00023590207
2025-04-24 01:00:00,0.00033946772
2025-04-24 02:00:00,0.0004646642
2025-04-24 03:00:00,0.000505139
2025-04-24 04:00:00,0.0005420868
2025-04-24 05:00:00,0.0005959576
2025-04-24 06:00:00,0.00056523905
2025-04-24 07:00:00,0.00051456114
2025-04-24 08:00:00,0.0004483751
2025-04-24 09:00:00,0.0003605222
2025-04-24 10:00:00,0.00020598972
2025-04-24 11:00:00,0.00015218773
2025-04-24 12:00:00,6.9319554e-05
2025-04-24 13:00:00,2.4377723e-05
2025-04-24 14:00:00,3.9155002e-05
2025-04-24 15:00:00,3.0259393e-05
2025-04-24 16:00:00,6.7781824e-05
2025-04-24 17:00:00,0.00015159034
2025-04-24 18:00:00,0.0002788473
2025-04-24 19:00:00,0.0003357951
2025-04-24 20:00:00,0.00024189238
2025-04-24 21:00:00,0.00016918991
2025-04-24 22:00:00,0.00016173172
2025-04-24 23:00:00,0.00020141038
2025-04-25 00:00:00,0.00015849697
2025-04-25 01:00:00,0.0003360984
2025-04-25 02:00:00,0.00039211827
2025-04-25 03:00:00,0.00044554117
2025-04-25 04:00:00,0.00047307357
2025-04-25 05:00:00,0.000492166
2025-04-25 06:00:00,0.00052220427
2025-04-25 07:00:00,0.0004932561
2025-04-25 08:00:00,0.00038305327
2025-04-25 09:00:00,0.00026480333
2025-04-25 10:00:00,0.0003118324
2025-04-25 11:00:00,0.000463303
2025-04-25 12:00:00,0.00034674734
2025-04-25 13:00:00,0.00025231895
2025-04-25 14:00:00,0.00023921899
2025-04-25 15:00:00,0.00021512472
2025-04-25 16:00:00,0.00022315976
2025-04-25 17:00:00,0.00031107393
2025-04-25 18:00:00,0.00031905135
2025-04-25 19:00:00,0.00035160553
2025-04-25 20:00:00,0.00035861423
2025-04-25 21:00:00,0.00037198627
2025-04-25 22:00:00,0.0003440295
2025-04-25 23:00:00,0.00027985632
2025-04-26 00:00:00,0.00020654948
2025-04-26 01:00:00,0.000344365
2025-04-26 02:00:00,0.00041982808
2025-04-26 03:00:00,0.0005875701
2025-04-26 04:00:00,0.00069260725
2025-04-26 05:00:00,0.00067387597
2025-04-26 06:00:00,0.0006827981
2025-04-26 07:00:00,0.00069547095
2025-04-26 08:00:00,0.00061805657
2025-04-26 09:00:00,0.0005607549
2025-04-26 10:00:00,0.000536762
2025-04-26 11:00:00,0.000384583
2025-04-26 12:00:00,0.00016186877
2025-04-26 13:00:00,0.000238729
2025-04-26 14:00:00,0.0003836276
2025-04-26 15:00:00,0.0004965235
2025-04-26 16:00:00,0.00025699526
2025-04-26 17:00:00,0.00010204313
2025-04-26 18:00:00,0.00019586693
2025-04-26 19:00:00,0.0003419764
2025-04-26 20:00:00,0.0003377342
2025-04-26 21:00:00,0.00029110775
2025-04-26 22:00:00,0.00022015483
2025-04-26 23:00:00,0.00023281248
2025-04-27 00:00:00,0.0001940105
2025-04-27 01:00:00,0.00040529598
2025-04-27 02:00:00,0.00049113773
2025-04-27 03:00:00,0.0006325394
2025-04-27 04:00:00,0.00047770457
2025-04-27 05:00:00,0.00052026444
2025-04-27 06:00:00,0.0006069705
2025-04-27 07:00:00,0.00077758066
2025-04-27 08:00:00,0.0006764429
2025-04-27 09:00:00,0.00054983253
2025-04-27 10:00:00,0.00044294095
2025-04-27 11:00:00,0.00033150168
2025-04-27 12:00:00,0.00032023425
2025-04-27 13:00:00,0.00027623936
2025-04-27 14:00:00,0.00017810274
2025-04-27 15:00:00,0.00026141468
2025-04-27 16:00:00,0.00058345945
2025-04-27 17:00:00,0.00046198524
2025-04-27 18:00:00,0.00021442016
2025-04-27 19:00:00,0.00020153669
2025-04-27 20:00:00,0.00028900107
2025-04-27 21:00:00,0.00027911528
2025-04-27 22:00:00,0.00024328537
2025-04-27 23:00:00,0.0001814802
2025-04-28 00:00:00,4.0541676e-05
2025-04-28 01:00:00,0.00013117053
2025-04-28 02:00:00,0.00022241476
2025-04-28 03:00:00,0.00017618129
2025-04-28 04:00:00,0.00011712675
2025-04-28 05:00:00,9.4160554e-05
2025-04-28 06:00:00,0.000107982334
2025-04-28 07:00:00,0.00023539439
2025-04-28 08:00:00,0.0006736885
2025-04-28 09:00:00,-1.5377032e-05
2025-04-28 10:00:00,-0.00015001728
2025-04-28 11:00:00,-0.0002136873
2025-04-28 12:00:00,-0.0002690576
2025-04-28 13:00:00,-0.00019946092
2025-04-28 14:00:00,-0.0001791753
2025-04-28 15:00:00,-8.0854246e-05
2025-04-28 16:00:00,9.295655e-05
2025-04-28 17:00:00,-0.00020351005
2025-04-28 18:00:00,-0.00017432438
2025-04-28 19:00:00,-0.00010675521
2025-04-28 20:00:00,-3.0566724e-05
2025-04-28 21:00:00,2.0579771e-05
2025-04-28 22:00:00,-1.8035886e-05
2025-04-28 23:00:00,-1.0851784e-05
2025-04-29 00:00:00,1.5211108e-06
2025-04-29 01:00:00,-4.5647732e-05
2025-04-29 02:00:00,3.913379e-06
2025-04-29 03:00:00,4.3486656e-05
2025-04-29 04:00:00,8.535542e-05
2025-04-29 05:00:00,0.00016941369
2025-04-29 06:00:00,0.00025149705
2025-04-29 07:00:00,0.00032780768
2025-04-29 08:00:00,0.00040890457
2025-04-29 09:00:00,0.0006335793
2025-04-29 10:00:00,0.0003589988
2025-04-29 11:00:00,-0.00015990334
2025-04-29 12:00:00,-0.00026470248
